[{"path":"README.md","fileType":"md","lines":[{"lineNumber":1,"author":{"gitId":"Golddirio"},"content":"# HacknRoll2025","isFullCredit":true},{"lineNumber":2,"author":{"gitId":"CYX22222003"},"content":"The product built for Hack\u0026amp;Roll 2025.","isFullCredit":false},{"lineNumber":3,"author":{"gitId":"CYX22222003"},"content":"","isFullCredit":true},{"lineNumber":4,"author":{"gitId":"CYX22222003"},"content":"💘 Cupid Arrow - Love at Your Fingertips! 💘","isFullCredit":true},{"lineNumber":5,"author":{"gitId":"CYX22222003"},"content":"Looking for a spark? Cupid Arrow on Telegram brings love and connection closer than ever. With instant matching, private chats, and a fun, user-friendly experience, finding your special someone has never been easier. Join the Cupid community today and let love strike where you least expect it! 💬❤️","isFullCredit":true},{"lineNumber":6,"author":{"gitId":"CYX22222003"},"content":"","isFullCredit":true},{"lineNumber":7,"author":{"gitId":"CYX22222003"},"content":"### Inspiration","isFullCredit":true},{"lineNumber":8,"author":{"gitId":"Golddirio"},"content":"Looking for a spark? Cupid Arrow is the ultimate Telegram bot designed to bring love and connection closer than ever. With its smart matching algorithm, Cupid Arrow scours its database to find the top 3 best matches for you. Enjoy private, seamless chats and a fun, user-friendly experience that makes meeting someone special effortless.💘 ","isFullCredit":false},{"lineNumber":9,"author":{"gitId":"CYX22222003"},"content":"","isFullCredit":true},{"lineNumber":10,"author":{"gitId":"CYX22222003"},"content":"Just a few taps away: share your preferences, let the bot work its magic, and connect with like-minded individuals instantly.","isFullCredit":true},{"lineNumber":11,"author":{"gitId":"CYX22222003"},"content":"","isFullCredit":true},{"lineNumber":12,"author":{"gitId":"CYX22222003"},"content":"Join the Cupid community today, where Cupid Arrow helps you find the perfect match in no time. Let love strike where you least expect it! 💬❤️","isFullCredit":true},{"lineNumber":13,"author":{"gitId":"CYX22222003"},"content":"   ","isFullCredit":true},{"lineNumber":14,"author":{"gitId":"CYX22222003"},"content":"### What it does","isFullCredit":true},{"lineNumber":15,"author":{"gitId":"CYX22222003"},"content":"Cupid Arrow Telegram bot facilitates seamless matchmaking by performing the following actions:","isFullCredit":true},{"lineNumber":16,"author":{"gitId":"CYX22222003"},"content":"","isFullCredit":true},{"lineNumber":17,"author":{"gitId":"CYX22222003"},"content":"User Initialization: When the user initiates the bot with /start, the bot welcomes them and creates a user profile in its database.","isFullCredit":true},{"lineNumber":18,"author":{"gitId":"CYX22222003"},"content":"","isFullCredit":true},{"lineNumber":19,"author":{"gitId":"Golddirio"},"content":"Matching Requests: Users can request matches based on their preferences. Before taking the quiz, the user can input hhis gender and age. If the user hasn\u0027t taken the quiz or if the quiz is outdated, the bot redirects them to take the quiz. Otherwise, it runs its matching algorithm to identify and return the top 3 most compatible matches.","isFullCredit":false},{"lineNumber":20,"author":{"gitId":"CYX22222003"},"content":"","isFullCredit":true},{"lineNumber":21,"author":{"gitId":"Golddirio"},"content":"User Quiz: The bot gathers detailed user preferences by prompting a series of 8 quiz questions. User responses update their profile in real-time to enhance matchmaking accuracy.","isFullCredit":false},{"lineNumber":22,"author":{"gitId":"CYX22222003"},"content":"","isFullCredit":true},{"lineNumber":23,"author":{"gitId":"CYX22222003"},"content":"Account Removal: Users can request to delete their account, and the bot ensures all associated data is removed from its database.","isFullCredit":true},{"lineNumber":24,"author":{"gitId":"CYX22222003"},"content":"","isFullCredit":true},{"lineNumber":25,"author":{"gitId":"CYX22222003"},"content":"In summary, Cupid Arrow efficiently connects users by maintaining updated profiles, matching them with the best-suited individuals, and providing full control over their data.","isFullCredit":true},{"lineNumber":26,"author":{"gitId":"CYX22222003"},"content":"  ","isFullCredit":true},{"lineNumber":27,"author":{"gitId":"CYX22222003"},"content":"### How we built it","isFullCredit":true},{"lineNumber":28,"author":{"gitId":"CYX22222003"},"content":"","isFullCredit":true},{"lineNumber":29,"author":{"gitId":"CYX22222003"},"content":"**Telegram Interaction**: Managed using `python-telegram-bot` API for smooth communication between the bot and users.","isFullCredit":true},{"lineNumber":30,"author":{"gitId":"CYX22222003"},"content":"   ","isFullCredit":true},{"lineNumber":31,"author":{"gitId":"CYX22222003"},"content":"**Database**: User data is stored in a `sqlite` database for lightweight and efficient management.","isFullCredit":true},{"lineNumber":32,"author":{"gitId":"CYX22222003"},"content":"  ","isFullCredit":true},{"lineNumber":33,"author":{"gitId":"CYX22222003"},"content":"**Data Processing**: numpy and scikit-learn are used to preprocess user data and enable effective matching.","isFullCredit":true},{"lineNumber":34,"author":{"gitId":"CYX22222003"},"content":"  ","isFullCredit":true},{"lineNumber":35,"author":{"gitId":"CYX22222003"},"content":"**Dimensionality Reduction**: Principal Component Analysis (PCA) is applied to reduce the dimensionality of user data to two dimensions, simplifying and optimizing the matching process.  ","isFullCredit":true},{"lineNumber":36,"author":{"gitId":"CYX22222003"},"content":"","isFullCredit":true},{"lineNumber":37,"author":{"gitId":"CYX22222003"},"content":"**Matching Algorithm Overview**:","isFullCredit":true},{"lineNumber":38,"author":{"gitId":"CYX22222003"},"content":"Setup: Start with the user\u0027s feature vector v (an m-dimensional vector) and a set of feature vectors S. The goal is to find a subset S\u0027 �? S of size k such that no vectors in S are closer to v than the vectors in S�?.","isFullCredit":true},{"lineNumber":39,"author":{"gitId":"CYX22222003"},"content":"Dimensionality Reduction: Apply PCA to project v and S into 3D space, improving computational efficiency.","isFullCredit":true},{"lineNumber":40,"author":{"gitId":"CYX22222003"},"content":"Quick Selection: Use the quick select algorithm to find the k-th closest vector efficiently.","isFullCredit":true},{"lineNumber":41,"author":{"gitId":"CYX22222003"},"content":"","isFullCredit":true},{"lineNumber":42,"author":{"gitId":"CYX22222003"},"content":"### Accomplishments that we\u0027re proud of","isFullCredit":true},{"lineNumber":43,"author":{"gitId":"CYX22222003"},"content":"Advanced Matching Algorithm:   ","isFullCredit":true},{"lineNumber":44,"author":{"gitId":"CYX22222003"},"content":"Successfully implemented a robust matchmaking algorithm that utilizes PCA for dimensionality reduction and quick select for efficient and accurate user matching.","isFullCredit":true},{"lineNumber":45,"author":{"gitId":"CYX22222003"},"content":"  ","isFullCredit":true},{"lineNumber":46,"author":{"gitId":"CYX22222003"},"content":"Streamlined User Experience:  ","isFullCredit":true},{"lineNumber":47,"author":{"gitId":"CYX22222003"},"content":"Designed an intuitive, user-friendly interface using the python-telegram-bot API, ensuring seamless interactions between users and the bot.  ","isFullCredit":true},{"lineNumber":48,"author":{"gitId":"CYX22222003"},"content":"  ","isFullCredit":true},{"lineNumber":49,"author":{"gitId":"CYX22222003"},"content":"Efficient Data Handling:  ","isFullCredit":true},{"lineNumber":50,"author":{"gitId":"CYX22222003"},"content":"Integrated a lightweight SQLite database for efficient storage and management of user data, allowing fast retrieval and processing during matches.  ","isFullCredit":true},{"lineNumber":51,"author":{"gitId":"CYX22222003"},"content":"  ","isFullCredit":true},{"lineNumber":52,"author":{"gitId":"CYX22222003"},"content":"Data-Driven Insights:  ","isFullCredit":true},{"lineNumber":53,"author":{"gitId":"CYX22222003"},"content":"Leveraged cutting-edge tools like numpy and scikit-learn to preprocess user data and ensure high accuracy in match recommendations.  ","isFullCredit":true},{"lineNumber":54,"author":{"gitId":"CYX22222003"},"content":"  ","isFullCredit":true},{"lineNumber":55,"author":{"gitId":"CYX22222003"},"content":"Scalability and Optimization:  ","isFullCredit":true},{"lineNumber":56,"author":{"gitId":"CYX22222003"},"content":"Utilized Principal Component Analysis (PCA) to optimize the computational performance of the matchmaking algorithm, reducing complexity and improving scalability.","isFullCredit":true},{"lineNumber":57,"author":{"gitId":"CYX22222003"},"content":"  ","isFullCredit":true},{"lineNumber":58,"author":{"gitId":"CYX22222003"},"content":"Comprehensive Privacy Controls:   ","isFullCredit":true},{"lineNumber":59,"author":{"gitId":"CYX22222003"},"content":"Empowered users with control over their data by implementing an account deletion feature that ensures secure removal of user information from the database.","isFullCredit":true},{"lineNumber":60,"author":{"gitId":"CYX22222003"},"content":"  ","isFullCredit":true},{"lineNumber":61,"author":{"gitId":"CYX22222003"},"content":"### Challenges we ran into","isFullCredit":true},{"lineNumber":62,"author":{"gitId":"CYX22222003"},"content":"Exploring the Correct Algorithm for Matching:   ","isFullCredit":true},{"lineNumber":63,"author":{"gitId":"CYX22222003"},"content":"Finding an efficient and accurate matching algorithm was a key challenge. While k-d trees were considered, their computational expense for constructing new trees led us to utilize the quick select algorithm.","isFullCredit":true},{"lineNumber":64,"author":{"gitId":"CYX22222003"},"content":"   ","isFullCredit":true},{"lineNumber":65,"author":{"gitId":"CYX22222003"},"content":"Learning Telegram API:  ","isFullCredit":true},{"lineNumber":66,"author":{"gitId":"CYX22222003"},"content":"Understanding the python-telegram-bot API to handle user interactions, bot commands, and error scenarios was a learning curve. Integrating the bot\u0027s logic with real-time user inputs demanded a thorough understanding of the API\u0027s capabilities and limitations.  ","isFullCredit":true},{"lineNumber":67,"author":{"gitId":"CYX22222003"},"content":"   ","isFullCredit":true},{"lineNumber":68,"author":{"gitId":"CYX22222003"},"content":"Sorting with Quick Select:  ","isFullCredit":true},{"lineNumber":69,"author":{"gitId":"CYX22222003"},"content":"Adapting the quick select algorithm for sorting user data based on proximity in reduced dimensions was challenging. Implementing it efficiently while maintaining accuracy and managing edge cases required meticulous attention to algorithm design and debugging.  ","isFullCredit":true},{"lineNumber":70,"author":{"gitId":"CYX22222003"},"content":"  ","isFullCredit":true},{"lineNumber":71,"author":{"gitId":"CYX22222003"},"content":"Dimensionality Reduction with PCA:  ","isFullCredit":true},{"lineNumber":72,"author":{"gitId":"CYX22222003"},"content":"Applying PCA to reduce the dimensions of user data was another hurdle. Ensuring that the reduced dimensions retained enough meaningful information for accurate matches involved careful tuning and validation.  ","isFullCredit":true},{"lineNumber":73,"author":{"gitId":"CYX22222003"},"content":"  ","isFullCredit":true},{"lineNumber":74,"author":{"gitId":"CYX22222003"},"content":"Data Management and Privacy:  ","isFullCredit":true},{"lineNumber":75,"author":{"gitId":"CYX22222003"},"content":"Ensuring efficient data handling, from storing user profiles in SQLite to managing real-time updates, was critical. Additionally, implementing a robust account deletion mechanism to address privacy concerns required precision and care.  ","isFullCredit":true},{"lineNumber":76,"author":{"gitId":"CYX22222003"},"content":"","isFullCredit":true},{"lineNumber":77,"author":{"gitId":"CYX22222003"},"content":"### What we learned","isFullCredit":true},{"lineNumber":78,"author":{"gitId":"CYX22222003"},"content":"","isFullCredit":true},{"lineNumber":79,"author":{"gitId":"Golddirio"},"content":"Firstly, we gained valuable experience in building a Telegram bot using the Python-Telegram-Bot API for the first time. We explored the entire process of learning the new API and developed an understanding of how to create a seamless and intuitive Telegram user experience from scratch.","isFullCredit":true},{"lineNumber":80,"author":{"gitId":"Golddirio"},"content":"","isFullCredit":true},{"lineNumber":81,"author":{"gitId":"Golddirio"},"content":"Secondly, we had the opportunity to deepen our knowledge of relevant algorithms, such as QuickSelect. Additionally, we thoroughly examined the application of a combination of Principal Component Analysis (PCA) and Euclidean distance. This helped us become familiar with effective matching algorithms, particularly for scenarios involving high-dimensional metric spaces.","isFullCredit":true},{"lineNumber":82,"author":{"gitId":"CYX22222003"},"content":"","isFullCredit":true},{"lineNumber":83,"author":{"gitId":"CYX22222003"},"content":"### Built With","isFullCredit":true},{"lineNumber":84,"author":{"gitId":"CYX22222003"},"content":"anyio\u003d\u003d4.8.0","isFullCredit":true},{"lineNumber":85,"author":{"gitId":"CYX22222003"},"content":"certifi\u003d\u003d2024.12.14","isFullCredit":true},{"lineNumber":86,"author":{"gitId":"CYX22222003"},"content":"greenlet\u003d\u003d3.1.1","isFullCredit":true},{"lineNumber":87,"author":{"gitId":"CYX22222003"},"content":"h11\u003d\u003d0.14.0","isFullCredit":true},{"lineNumber":88,"author":{"gitId":"CYX22222003"},"content":"httpcore\u003d\u003d1.0.7","isFullCredit":true},{"lineNumber":89,"author":{"gitId":"CYX22222003"},"content":"httpx\u003d\u003d0.28.1","isFullCredit":true},{"lineNumber":90,"author":{"gitId":"CYX22222003"},"content":"idna\u003d\u003d3.10","isFullCredit":true},{"lineNumber":91,"author":{"gitId":"CYX22222003"},"content":"joblib\u003d\u003d1.4.2","isFullCredit":true},{"lineNumber":92,"author":{"gitId":"CYX22222003"},"content":"numpy\u003d\u003d2.2.1","isFullCredit":true},{"lineNumber":93,"author":{"gitId":"CYX22222003"},"content":"python-dotenv\u003d\u003d1.0.1","isFullCredit":true},{"lineNumber":94,"author":{"gitId":"CYX22222003"},"content":"python-telegram-bot\u003d\u003d21.10","isFullCredit":true},{"lineNumber":95,"author":{"gitId":"CYX22222003"},"content":"scikit-learn\u003d\u003d1.6.1","isFullCredit":true},{"lineNumber":96,"author":{"gitId":"CYX22222003"},"content":"scipy\u003d\u003d1.15.1","isFullCredit":true},{"lineNumber":97,"author":{"gitId":"CYX22222003"},"content":"sniffio\u003d\u003d1.3.1","isFullCredit":true},{"lineNumber":98,"author":{"gitId":"CYX22222003"},"content":"SQLAlchemy\u003d\u003d2.0.37","isFullCredit":true},{"lineNumber":99,"author":{"gitId":"CYX22222003"},"content":"threadpoolctl\u003d\u003d3.5.0","isFullCredit":true},{"lineNumber":100,"author":{"gitId":"CYX22222003"},"content":"typing_extensions\u003d\u003d4.12.2","isFullCredit":true},{"lineNumber":101,"author":{"gitId":"CYX22222003"},"content":"","isFullCredit":true},{"lineNumber":102,"author":{"gitId":"CYX22222003"},"content":"### Try it out","isFullCredit":true},{"lineNumber":103,"author":{"gitId":"Golddirio"},"content":"@CAGolddirio123_bot","isFullCredit":true}],"authorContributionMap":{"Golddirio":8,"CYX22222003":95}}]
