{"authorDailyContributionsMap":{"Golddirio":[{"date":"2025-01-18","commitResults":[{"hash":"ef34ec54677c92e5e232b139e394cf40ba7493d3","isMergeCommit":false,"messageTitle":"Initial commit","messageBody":"","fileTypesAndContributionMap":{"md":{"insertions":2,"deletions":0}}}]},{"date":"2025-01-19","commitResults":[{"hash":"86e0f223092415132c0f4041a065165b9c0da3e1","isMergeCommit":true,"messageTitle":"Merge branch \u0027main\u0027 of https://github.com/Golddirio/HacknRoll2025","messageBody":"","fileTypesAndContributionMap":{}},{"hash":"b19231bcd703932106c4c2b1367ebcc4e61d276d","isMergeCommit":true,"messageTitle":"Merge branch \u0027main\u0027 of https://github.com/Golddirio/HacknRoll2025","messageBody":"","fileTypesAndContributionMap":{}},{"hash":"6e365207c86c57e3b8622688b8c98acd58e6a7a7","isMergeCommit":false,"messageTitle":"Update README","messageBody":"","fileTypesAndContributionMap":{"md":{"insertions":7,"deletions":3}}}]}],"CHEN YIXUN":[],"CYX22222003":[{"date":"2025-01-18","commitResults":[{"hash":"a6c6e7ab9d3f3e1bfb2e6b26185cddef48298a16","isMergeCommit":false,"messageTitle":"Update gitignore","messageBody":"","fileTypesAndContributionMap":{"md":{"insertions":1,"deletions":1}}}]},{"date":"2025-01-19","commitResults":[{"hash":"cd629a24a5a530f7dd584a00a0853d23dbd30025","isMergeCommit":false,"messageTitle":"Update README.md","messageBody":"","fileTypesAndContributionMap":{"md":{"insertions":3,"deletions":0}}},{"hash":"105161a3ee0797c446c5f462147b7844a3557698","isMergeCommit":false,"messageTitle":"Update README.md","messageBody":"","fileTypesAndContributionMap":{"md":{"insertions":65,"deletions":1}}},{"hash":"0a28985fe29a55274be871731afa32c331309e6b","isMergeCommit":false,"messageTitle":"Update readme.md","messageBody":"","fileTypesAndContributionMap":{"md":{"insertions":33,"deletions":3}}}]}]},"authorFileTypeContributionMap":{"Golddirio":{"python":0,"md":8},"CHEN YIXUN":{"python":0,"md":0},"CYX22222003":{"python":0,"md":95}},"authorContributionVariance":{"Golddirio":3.204995,"CHEN YIXUN":0.0,"CYX22222003":343.86053},"authorDisplayNameMap":{"Golddirio":"Golddirio","CHEN YIXUN":"CHEN YIXUN","CYX22222003":"CYX22222003"}}
