{"repoSenseVersion":"451f11b74c","reportGeneratedTime":"Thu Apr 22 12:40:48 2021 UTC","reportGenerationTime":" 5.91 second(s)","zoneId":"Etc/UTC","reportTitle":"RepoSense Report","repos":[{"location":{"location":"https://github.com/reposense/RepoSense.git","repoName":"RepoSense","organization":"reposense"},"branch":"master","displayName":"reposense/RepoSense[master]","outputFolderName":"reposense_RepoSense_master"}],"errorList":[],"sinceDate":"2021-03-22","untilDate":"2021-04-22","isSinceDateProvided":false,"isUntilDateProvided":false}
