{"repoSenseVersion":"451f11b74c","reportGeneratedTime":"Sun Mar 28 15:20:46 2021 UTC","reportGenerationTime":" 7.83 second(s)","zoneId":"Etc/UTC","reportTitle":"RepoSense Report","repos":[{"location":{"location":"https://github.com/reposense/RepoSense.git","repoName":"RepoSense","organization":"reposense"},"branch":"master","displayName":"reposense/RepoSense[master]","outputFolderName":"reposense_RepoSense_master"}],"errorList":[],"sinceDate":"2021-02-28","untilDate":"2021-03-28","isSinceDateProvided":false,"isUntilDateProvided":false}
