{"repoSenseVersion":"e53c52c","reportGeneratedTime":"Mon, 20 Jan 2025 12:56:09 UTC+08:00","reportGenerationTime":" 3.80 second(s)","zoneId":"UTC+08:00","reportTitle":"RepoSense Report","repos":[{"location":{"location":"https://github.com/Golddirio/HacknRoll2025","repoName":"HacknRoll2025","organization":"Golddirio","domainName":"github"},"branch":"main","displayName":"Golddirio/HacknRoll2025[main]","outputFolderName":"Golddirio_HacknRoll2025_main"}],"errorSet":[],"sinceDate":"2024-12-20","untilDate":"2025-01-20","isSinceDateProvided":false,"isUntilDateProvided":false,"supportedDomainUrlMap":{"NOT_RECOGNIZED":{"BRANCH":"","REPO_URL":"UNSUPPORTED","BASE_URL":"UNSUPPORTED","HISTORY_PATH":"","COMMIT_PATH":"","BLAME_PATH":""},"github":{"BRANCH":"tree/$BRANCH","REPO_URL":"https://github.com/$ORGANIZATION/$REPO_NAME/","BASE_URL":"https://github.com/","HISTORY_PATH":"commits/$BRANCH/$FILE_PATH","COMMIT_PATH":"commit/$COMMIT_HASH","BLAME_PATH":"blame/$BRANCH/$FILE_PATH"}},"isAuthorshipAnalyzed":true,"blurbs":{"urlBlurbMap":{}}}
