{
  "authorDailyContributionsMap": {
    "ongspxm": [],
    "AdityaA1998": [],
    "yamidark": [],
    "yong24s": [],
    "eugenepeh": [
      {
        "insertions": 7,
        "deletions": 0,
        "date": "2019-12-24",
        "commitResults": [
          {
            "hash": "4b4ff38a69ce3a2b1732d2e5fc6e48be43c693a4",
            "messageTitle": "README: add acknowledgements section (#978)",
            "messageBody": "It is required for us to acknowledge the use of free services.\r\n\r\nAs part of the requirement to apply for the Open Source Plan from\r\nNetlify, let\u0027s add a section to feature the usage of their services on\r\nREADME.",
            "insertions": 7,
            "deletions": 0
          }
        ]
      }
    ]
  },
  "authorFinalContributionMap": {
    "ongspxm": 0,
    "AdityaA1998": 0,
    "yamidark": 1,
    "yong24s": 2,
    "eugenepeh": 7
  },
  "authorFileTypeContributionMap": {
    "ongspxm": {
      "gradle": 0,
      "jade": 0,
      "java": 0,
      "js": 0,
      "md": 0,
      "scss": 0,
      "yml": 0
    },
    "AdityaA1998": {
      "gradle": 0,
      "jade": 0,
      "java": 0,
      "js": 0,
      "md": 0,
      "scss": 0,
      "yml": 0
    },
    "yamidark": {
      "gradle": 0,
      "jade": 0,
      "java": 1,
      "js": 0,
      "md": 0,
      "scss": 0,
      "yml": 0
    },
    "yong24s": {
      "gradle": 0,
      "jade": 0,
      "java": 2,
      "js": 0,
      "md": 0,
      "scss": 0,
      "yml": 0
    },
    "eugenepeh": {
      "gradle": 0,
      "jade": 0,
      "java": 0,
      "js": 0,
      "md": 7,
      "scss": 0,
      "yml": 0
    }
  },
  "authorContributionVariance": {
    "ongspxm": 0.0,
    "AdityaA1998": 0.0,
    "yamidark": 0.0,
    "yong24s": 0.0,
    "eugenepeh": 1.8815999
  },
  "authorDisplayNameMap": {
    "ongspxm": "Metta",
    "AdityaA1998": "Aditya",
    "yamidark": "Jun An",
    "yong24s": "Yong Hao",
    "eugenepeh": "Eugene"
  }
}
